Date,Speaker,Institution,Speaker URL,Title,Paper URL,Sign Up URL,Status,Special start time,Special end time,Special location
2026-09-29,Weisheng Zhang,UCL,https://www.weisheng-zhang.com/home,Causal Inference under Dynamic Selection and Latent Heterogeneity,https://cemmap.ac.uk/event/tbc-51/,,JMC,,,IFS seminar room
2026-10-06,Yuanqi Zhang,UCL,https://cemmap.ac.uk/person/yuanqi-zhang/,Designing Experiments for Policies Beyond the Experiment,https://cemmap.ac.uk/event/tbc-52/,,JMC,12:30,13:30,Gordon House 106
2026-10-13,Philip Haile,Yale,https://sites.google.com/view/philhaile/home,"Selective Turnout, Voting Policy, and Partisan Bias: Evidence from Multi-Level Data",https://cemmap.ac.uk/event/tbc-53/,,Scheduled,12:30,13:30,IFS seminar room
2026-10-20,Chen-Wei Hsiang,UCL,https://chenweihsiang.github.io/,,,,JMC,12:30,13:30,IFS seminar room
2026-10-27,Ruolei Zhu,UCL,,,,,JMC,12:30,13:30,IFS seminar room
2026-11-03,Hua Jin,UCL,,,,,JMC,12:30,13:30,IFS seminar room
2026-11-17,Ziyu Jiang,UCL,https://ziyu-jiang.com/,,,,JMC,12:30,13:30,IFS seminar room
2026-11-24,Sid Kankanala,Chicago Booth,https://www.chicagobooth.edu/faculty/directory/k/sid-kankanala,,,,Scheduled,12:30,13:30,IFS seminar room
2026-12-01,Juan Carlos Escanciano,UC3M,https://sites.google.com/view/juancarlosescanciano/home,,,,Scheduled,12:30,13:30,IFS seminar room
2026-12-08,Davide Viviano,Harvard,https://dviviano.github.io/,,,,Scheduled,12:30,13:30,IFS seminar room
2026-12-15,David Ritzwoller,Harvard,https://davidritzwoller.github.io/,,,,Scheduled,12:30,13:30,IFS seminar room
2027-02-23,Domenico Giannone,Johns Hopkins University,https://econ.jhu.edu/directory/domenico-giannone/,,,,Scheduled,12:30,13:30,IFS seminar room
2027-03-02,Cristina Gualdini,Queen Mary University of London,https://www.cristinagualdani.com/,,,,Scheduled,12:30,13:30,IFS seminar room
2027-03-09,Tetsuya Kaji,Chicago Booth,https://kajitetsuya.github.io/,,,,Scheduled,12:30,13:30,IFS seminar room
2027-03-16,Guido Kuersteiner,University of Maryland,https://www.econ.umd.edu/facultyprofile/kuersteiner/guido,,,,Scheduled,12:30,13:30,IFS seminar room
2027-03-23,Jing Kong,University of Oxford,https://sites.google.com/view/jingkong/,,,,Scheduled,,,IFS seminar room
2027-04-27,Koen Jochmans,Toulouse School of Economics,https://jochmans.github.io/,,,,Scheduled,12:30,13:30,IFS seminar room
2027-05-04,Xinyue Bei,University of Texas at Austin,https://xinyuebei-econ.github.io/,,,,Scheduled,12:30,13:30,IFS seminar room
2027-05-11,Jose Luis Montiel Olea,Cornell University,https://joseluismontielolea.com/,,,,Scheduled,12:30,13:30,IFS seminar room
2027-05-18,Louise Laage,Georgetown University,https://www.llaage.com/,,,,Scheduled,12:30,13:30,IFS seminar room
2027-06-01,Silvia Goncalves,McGill University,https://silvia-goncalves.research.mcgill.ca/index.html,,,,Scheduled,12:30,13:30,IFS seminar room
2027-06-08,Pat Kline,"University of California, Berkeley",https://emlab.berkeley.edu/~pkline/,,,,Scheduled,,,IFS seminar room
