Date,Speaker,Institution,Speaker URL,Title,Paper URL,Sign Up URL,Status,Special start time,Special end time,Special location,Note
2026-10-02,Clara von Bismarck-Osten,University College London,,Mapping Tax Elasticities,,,Scheduled,,,,
2026-10-09,Zihao Wang,University College London,,"Skill Adjustment during and after College, Sorting, and Wages",,,Scheduled,,,,
2026-10-16,Pedro Cubillos,University College London,,Specializing the State: Bureaucratic Organization and Public Service Delivery,,,Scheduled,,,,
2026-10-23,Siao Xu,University of Mannheim,,ML-Assisted Empirical Bayes Estimation for Regression on Network Data,,,Scheduled,,,,"ENTER Seminar, Siao is joining us from Mannheim"
2026-10-30,Perinaz Alp,University College London,,Upskilling against the Machine: Firm Training and Worker Reallocation under Automation,,,Scheduled,,,,
2026-11-06,Matt Nibloe,University College London,,,,,Scheduled,,,,
2026-11-13,Lorenzo Sinno,University College London,,,,,Scheduled,,,,Reading Week
2026-11-20,Guillem Foucalt,Toulouse School of Economics,,Funding Instruments and Effort Choices in Higher Education,,,Scheduled,,,,"ENTER Seminar, Guillem is joining us from TSE"
2026-11-27,Joaquín Urria,University College London,,,,,Scheduled,,,,
2026-12-04,Toby Kenward,University College London,,,,,Scheduled,,,,
2026-12-11,Yikai Li,University College London,,,,,Scheduled,,,,
2026-12-18,Kotaro Fujisaki,University College London,,Development by Concession? State-Led Expansion and Reversal of Plantation Agriculture,,,Scheduled,,,,
